fold,accuracy,precision,recall,f1_score,roc_auc,balanced_acc
1,0.8381962864721485,0.8849557522123894,0.851063829787234,0.8676789587852495,0.9101288582559185,0.8339826191189692
2,0.8116710875331565,0.8796296296296297,0.8085106382978723,0.8425720620842572,0.8992807911297573,0.8127060233742882
3,0.8090185676392573,0.8497854077253219,0.8425531914893617,0.8461538461538461,0.8641893916691639,0.7980371591249625
4,0.8328912466843501,0.8981481481481481,0.825531914893617,0.8603104212860311,0.9275097392867846,0.8353011687144141
5,0.8541114058355438,0.9128440366972477,0.8468085106382979,0.8785871964679912,0.9151932873838776,0.8565028468684447
