{
    "dataset_info": {
        "total_samples": 1885,
        "total_features": 58,
        "missing_values": 0,
        "duplicates": 0,
        "memory_mb": 3.09
    },
    "demographics": {
        "gender_distribution": {
            "-0.48246": 943,
            "0.48246": 942
        },
        "age_distribution": {
            "-0.95197": 643,
            "-0.07854": 481,
            "0.49788": 356,
            "1.09449": 294,
            "1.82213": 93,
            "2.59171": 18
        },
        "education_distribution": {
            "-0.61113": 506,
            "0.45468": 480,
            "1.16365": 283,
            "-0.05921": 270,
            "-1.22751": 100,
            "-1.7379": 99,
            "1.98437": 89,
            "-1.43719": 30,
            "-2.43591": 28
        },
        "country_distribution": {
            "0.96082": 1044,
            "-0.57009": 557,
            "-0.28519": 118,
            "0.24923": 87,
            "-0.09765": 54,
            "0.21128": 20,
            "-0.46841": 5
        },
        "ethnicity_distribution": {
            "-0.31685": 1720,
            "0.1144": 63,
            "-1.10702": 33,
            "-0.50212": 26,
            "0.126": 20,
            "-0.22166": 20,
            "1.90725": 3
        }
    },
    "binary_target": {
        "user_count": 1175,
        "nonuser_count": 710,
        "user_percentage": 62.3342175066313,
        "imbalance_ratio": 0.6042553191489362,
        "threshold": 0.5,
        "threshold_definition": "Value > 0.5 = Recent Use (CL3-CL6)",
        "class_0": "Non-Recent Use (CL0, CL1, CL2)",
        "class_1": "Recent Use (CL3, CL4, CL5, CL6)"
    },
    "drug_prevalence": {
        "Alcohol": 92.78514588859417,
        "Caff": 96.76392572944297,
        "Choc": 97.61273209549071,
        "Nicotine": 56.233421750663126,
        "Amphet": 23.129973474801062,
        "Amyl": 7.0557029177718835,
        "Benzos": 28.381962864721483,
        "Cannabis": 52.99734748010611,
        "Coke": 22.122015915119363,
        "Crack": 4.190981432360743,
        "Ecstasy": 27.427055702917773,
        "Heroin": 6.259946949602122,
        "Ketamine": 11.03448275862069,
        "Legalh": 29.92042440318302,
        "LSD": 20.159151193633953,
        "Meth": 16.976127320954905,
        "Mushrooms": 23.023872679045095,
        "Semer": 0.15915119363395225
    }
}